"label","text"
"negatif","Sunyi sepi sendiri Sejak kau tinggal pergi Tiada kabar berita Hidupku merana Berdebar hatiku Terima sepucuk suratmu Ku membacanya dan kecewa Hampa kini harapan Kekasih tak kembali Ku terima undangan Esok akan mengikat janji Sahabat karibku Yang menawan hatiku Ku doakan s’moga bahagia Hampa kini harapan Kekasih tak kembali Ku terima undangan Esok akan mengikat janji Sahabat karibku Yang menawan hatiku Ku doakan s’lamat bahagia Ku doakan s’moga bahagia"
"negatif","Dimana, akan ku cari Aku menangis seorang diri Hatiku slalu ingin bertemu Untukmu aku bernyayi Untuk ayah tercinta Aku ingin bernyanyi Walau air mata Di pipiku Ayah dengarkanlahAku ingin berjumpa Walau hanya dalam Mimpi.. Lihatlah, hari berganti Namun tiada seindah dulu Datanglah, aku ingin bertemu Untukmu, aku bernyanyi Untuk ayah tercinta Aku ingin bernyanyi Walau air mata Di pipiku Ayah dengarkanlah Aku ingin berjumpa Walau hanya dalam Mimpi."
"positif","Rinai hujan basahi aku temani sepi yang mengendap kala aku mengingatmu dan semua saat manis itu Segalanya seperti mimpi kujalani hidup sendiri andai waktu berganti aku tetap tak'kan berubah Aku selalu bahagia saat hujan turun karena aku dapat mengenangmu untukku sendiri ooohhh..ooo Selalu ada cerita tersimpan di hatiku tentang kau dan hujan tentang cinta kita yang mengalir seperti air Aku selalu bahagia saat hujan turun karena aku dapat mengenangmu untukku sendiri ooohhh..ooo Aku bisa tersenyum sepanjang hari karena hujan pernah menahanmu disini untukku ooohhh.."
"positif","Kutuliskan kenangan tentang caraku menemukan dirimu Tentang apa yang membuatku mudah berikan hatiku padamu Takkan habis sejuta lagu untuk menceritakan cantikmu Kan teramat panjang puisi tuk menyuratkan cinta ini Telah habis sudah cinta ini tak lagi tersisa untuk dunia Karena telah kuhabiskan sisa cintaku hanya untukmu Aku pernah berpikir tentang hidupku tanpa ada dirimu Dapatkah lebih indah dari yang kujalani sampai kini? Aku selalu bermimpi tentang indah hari tua bersamamu Tetap cantik rambut panjangmu meskipun nanti tak hitam lagi Bila habis sudah waktu ini tak lagi berpijak pada dunia Telah aku habiskan sisa hidupku hanya untukmu Dan telah habis sudah cinta ini tak lagi tersisa untuk dunia Karena telah kuhabiskan sisa cintaku hanya untukmu Untukmu…"
